sensitivity_analysis,violation_ip,solve_time,profit_ip,violation_lp,solve_time_lp,profit_lp,violation_chp,solve_time_chp,profit_chp,violation_rowgen,solve_time_rowgen,profit_rowgen
"{'use_korean_price': True, 'use_tou_elec': True, 'import_factor': 1.5, 'month': 1, 'hp_cap': 0.8, 'els_cap': 1, 'num_households': 700, 'nu_cop': 3.28, 'c_su_G': 50, 'c_su_H': 10, 'base_h2_price_eur': 3.3333333333333335, 'e_E_cap_ratio': 1.0, 'e_H_cap_ratio': 1.0, 'e_G_cap_ratio': 1.0, 'eff_type': 1, 'segments': 6, 'peak_penalty_ratio': 0.0, 'wind_el_ratio': 1.0, 'solar_el_ratio': 1.0, 'storage_power_ratio_E': 0.25, 'storage_power_ratio_G': 0.25, 'storage_power_ratio_H': 0.25, 'storage_capacity_ratio_E': 3.0, 'storage_capacity_ratio_G': 0.0, 'storage_capacity_ratio_H': 0.0, 'initial_soc_ratio_E': 0.2, 'initial_soc_ratio_G': 0.2, 'initial_soc_ratio_H': 0.2, 'day': 1}",-0.0,0.14212632179260254,"{'u1': np.float64(1003.8953603379294), 'u2': np.float64(275.704033732727), 'u3': np.float64(558.1763515911731), 'u4': np.float64(0.0), 'u5': np.float64(163.05095082599377), 'u6': np.float64(134.72189892093957)}",-0.0,0.08142256736755371,"{'u1': np.float64(1003.8953603379294), 'u2': np.float64(275.704033732727), 'u3': np.float64(558.1763515911731), 'u4': np.float64(0.0), 'u5': np.float64(163.05095082599377), 'u6': np.float64(134.72189892093957)}",-0.0,19.630027532577515,"{'u1': np.float64(1003.8953603379281), 'u2': np.float64(275.7040337327203), 'u3': np.float64(558.1763515911697), 'u4': np.float64(3.979039320256561e-13), 'u5': np.float64(163.05095082600138), 'u6': np.float64(134.72189892094298)}",-0.0,0.6350138187408447,"{'u1': 1003.8953603379307, 'u2': 438.7549845587205, 'u3': 692.8982505121123, 'u4': 3.907985046680551e-14, 'u5': -0.0, 'u6': -0.0}"
"{'use_korean_price': True, 'use_tou_elec': True, 'import_factor': 1.5, 'month': 1, 'hp_cap': 0.8, 'els_cap': 1, 'num_households': 700, 'nu_cop': 3.28, 'c_su_G': 50, 'c_su_H': 10, 'base_h2_price_eur': 3.3333333333333335, 'e_E_cap_ratio': 1.0, 'e_H_cap_ratio': 1.0, 'e_G_cap_ratio': 1.0, 'eff_type': 1, 'segments': 6, 'peak_penalty_ratio': 0.0, 'wind_el_ratio': 1.0, 'solar_el_ratio': 1.0, 'storage_power_ratio_E': 0.25, 'storage_power_ratio_G': 0.25, 'storage_power_ratio_H': 0.25, 'storage_capacity_ratio_E': 3.0, 'storage_capacity_ratio_G': 0.0, 'storage_capacity_ratio_H': 0.0, 'initial_soc_ratio_E': 0.2, 'initial_soc_ratio_G': 0.2, 'initial_soc_ratio_H': 0.2, 'day': 2}",-0.0,0.13515114784240723,"{'u1': np.float64(940.9248835473951), 'u2': np.float64(275.7040337327269), 'u3': np.float64(558.1763515911732), 'u4': np.float64(2.842170943040401e-14), 'u5': np.float64(163.05095082599377), 'u6': np.float64(134.72189892093957)}",-0.0,0.08305597305297852,"{'u1': np.float64(940.9248835473951), 'u2': np.float64(275.7040337327269), 'u3': np.float64(558.1763515911732), 'u4': np.float64(2.842170943040401e-14), 'u5': np.float64(163.05095082599377), 'u6': np.float64(134.72189892093957)}",-0.0,20.349573373794556,"{'u1': np.float64(940.9248835473953), 'u2': np.float64(275.70403373272325), 'u3': np.float64(558.1763515911683), 'u4': np.float64(-1.1368683772161603e-13), 'u5': np.float64(163.05095082599735), 'u6': np.float64(134.72189892094434)}",-0.0,0.6707673072814941,"{'u1': 940.9248835473961, 'u2': 438.7549845587205, 'u3': 692.8982505121123, 'u4': 3.907985046680551e-14, 'u5': -0.0, 'u6': -0.0}"
"{'use_korean_price': True, 'use_tou_elec': True, 'import_factor': 1.5, 'month': 1, 'hp_cap': 0.8, 'els_cap': 1, 'num_households': 700, 'nu_cop': 3.28, 'c_su_G': 50, 'c_su_H': 10, 'base_h2_price_eur': 3.3333333333333335, 'e_E_cap_ratio': 1.0, 'e_H_cap_ratio': 1.0, 'e_G_cap_ratio': 1.0, 'eff_type': 1, 'segments': 6, 'peak_penalty_ratio': 0.0, 'wind_el_ratio': 1.0, 'solar_el_ratio': 1.0, 'storage_power_ratio_E': 0.25, 'storage_power_ratio_G': 0.25, 'storage_power_ratio_H': 0.25, 'storage_capacity_ratio_E': 3.0, 'storage_capacity_ratio_G': 0.0, 'storage_capacity_ratio_H': 0.0, 'initial_soc_ratio_E': 0.2, 'initial_soc_ratio_G': 0.2, 'initial_soc_ratio_H': 0.2, 'day': 3}",-0.0,0.14418435096740723,"{'u1': np.float64(790.5379112588025), 'u2': np.float64(277.6262615020999), 'u3': np.float64(559.5435149248882), 'u4': np.float64(2.5495506564612356), 'u5': np.float64(164.0768531431633), 'u6': np.float64(134.72189892093957)}",-0.0,0.08063387870788574,"{'u1': np.float64(790.5379112588025), 'u2': np.float64(277.6262615020999), 'u3': np.float64(559.5435149248882), 'u4': np.float64(2.5495506564612356), 'u5': np.float64(164.0768531431633), 'u6': np.float64(134.72189892093957)}",-0.0,20.32880425453186,"{'u1': np.float64(790.5379112588009), 'u2': np.float64(277.62626150210264), 'u3': np.float64(559.5435149248889), 'u4': np.float64(2.549550656461747), 'u5': np.float64(164.07685314316126), 'u6': np.float64(134.72189892093945)}",-0.0,0.7947733402252197,"{'u1': 797.4027553355222, 'u2': 438.7549845587205, 'u3': 692.8982505121123, 'u4': 3.907985046680551e-14, 'u5': -0.0, 'u6': -0.0}"
"{'use_korean_price': True, 'use_tou_elec': True, 'import_factor': 1.5, 'month': 1, 'hp_cap': 0.8, 'els_cap': 1, 'num_households': 700, 'nu_cop': 3.28, 'c_su_G': 50, 'c_su_H': 10, 'base_h2_price_eur': 3.3333333333333335, 'e_E_cap_ratio': 1.0, 'e_H_cap_ratio': 1.0, 'e_G_cap_ratio': 1.0, 'eff_type': 1, 'segments': 6, 'peak_penalty_ratio': 0.0, 'wind_el_ratio': 1.0, 'solar_el_ratio': 1.0, 'storage_power_ratio_E': 0.25, 'storage_power_ratio_G': 0.25, 'storage_power_ratio_H': 0.25, 'storage_capacity_ratio_E': 3.0, 'storage_capacity_ratio_G': 0.0, 'storage_capacity_ratio_H': 0.0, 'initial_soc_ratio_E': 0.2, 'initial_soc_ratio_G': 0.2, 'initial_soc_ratio_H': 0.2, 'day': 4}",-0.0,0.19547486305236816,"{'u1': np.float64(1003.9066990939307), 'u2': np.float64(275.7040337327266), 'u3': np.float64(558.1763515911731), 'u4': np.float64(-5.684341886080802e-14), 'u5': np.float64(163.05095082599377), 'u6': np.float64(134.72189892093957)}",-0.0,0.08204293251037598,"{'u1': np.float64(1003.9066990939307), 'u2': np.float64(275.7040337327266), 'u3': np.float64(558.1763515911731), 'u4': np.float64(-5.684341886080802e-14), 'u5': np.float64(163.05095082599377), 'u6': np.float64(134.72189892093957)}",-0.0,14.773491859436035,"{'u1': np.float64(1003.9066990939316), 'u2': np.float64(275.70403373272813), 'u3': np.float64(558.1763515911733), 'u4': np.float64(-2.8421709430404007e-13), 'u5': np.float64(163.05095082599178), 'u6': np.float64(134.72189892093934)}",-0.0,0.6224751472473145,"{'u1': 1003.9066990939316, 'u2': 438.7549845587205, 'u3': 692.8982505121123, 'u4': 3.907985046680551e-14, 'u5': -0.0, 'u6': -0.0}"
"{'use_korean_price': True, 'use_tou_elec': True, 'import_factor': 1.5, 'month': 1, 'hp_cap': 0.8, 'els_cap': 1, 'num_households': 700, 'nu_cop': 3.28, 'c_su_G': 50, 'c_su_H': 10, 'base_h2_price_eur': 3.3333333333333335, 'e_E_cap_ratio': 1.0, 'e_H_cap_ratio': 1.0, 'e_G_cap_ratio': 1.0, 'eff_type': 1, 'segments': 6, 'peak_penalty_ratio': 0.0, 'wind_el_ratio': 1.0, 'solar_el_ratio': 1.0, 'storage_power_ratio_E': 0.25, 'storage_power_ratio_G': 0.25, 'storage_power_ratio_H': 0.25, 'storage_capacity_ratio_E': 3.0, 'storage_capacity_ratio_G': 0.0, 'storage_capacity_ratio_H': 0.0, 'initial_soc_ratio_E': 0.2, 'initial_soc_ratio_G': 0.2, 'initial_soc_ratio_H': 0.2, 'day': 5}",-0.0,0.13952064514160156,"{'u1': np.float64(964.9008547286912), 'u2': np.float64(275.704033732727), 'u3': np.float64(558.1763515911731), 'u4': np.float64(0.0), 'u5': np.float64(163.05095082599377), 'u6': np.float64(134.72189892093957)}",-0.0,0.08025288581848145,"{'u1': np.float64(964.9008547286912), 'u2': np.float64(275.704033732727), 'u3': np.float64(558.1763515911731), 'u4': np.float64(0.0), 'u5': np.float64(163.05095082599377), 'u6': np.float64(134.72189892093957)}",-0.0,23.02151584625244,"{'u1': np.float64(964.900854728691), 'u2': np.float64(275.70403373264463), 'u3': np.float64(558.1763515911724), 'u4': np.float64(1.1368683772161603e-13), 'u5': np.float64(163.0509508260763), 'u6': np.float64(134.72189892094025)}",-0.0,0.6258544921875,"{'u1': 964.9008547286924, 'u2': 438.7549845587205, 'u3': 692.8982505121123, 'u4': 3.907985046680551e-14, 'u5': -0.0, 'u6': -0.0}"
"{'use_korean_price': True, 'use_tou_elec': True, 'import_factor': 1.5, 'month': 1, 'hp_cap': 0.8, 'els_cap': 1, 'num_households': 700, 'nu_cop': 3.28, 'c_su_G': 50, 'c_su_H': 10, 'base_h2_price_eur': 3.3333333333333335, 'e_E_cap_ratio': 1.0, 'e_H_cap_ratio': 1.0, 'e_G_cap_ratio': 1.0, 'eff_type': 1, 'segments': 6, 'peak_penalty_ratio': 0.0, 'wind_el_ratio': 1.0, 'solar_el_ratio': 1.0, 'storage_power_ratio_E': 0.25, 'storage_power_ratio_G': 0.25, 'storage_power_ratio_H': 0.25, 'storage_capacity_ratio_E': 3.0, 'storage_capacity_ratio_G': 0.0, 'storage_capacity_ratio_H': 0.0, 'initial_soc_ratio_E': 0.2, 'initial_soc_ratio_G': 0.2, 'initial_soc_ratio_H': 0.2, 'day': 6}",-0.0,0.12989187240600586,"{'u1': np.float64(1165.6317362349596), 'u2': np.float64(275.70403373272677), 'u3': np.float64(558.1763515911731), 'u4': np.float64(5.684341886080802e-14), 'u5': np.float64(163.05095082599377), 'u6': np.float64(134.72189892093957)}",-0.0,0.08272981643676758,"{'u1': np.float64(1165.6317362349596), 'u2': np.float64(275.70403373272677), 'u3': np.float64(558.1763515911731), 'u4': np.float64(5.684341886080802e-14), 'u5': np.float64(163.05095082599377), 'u6': np.float64(134.72189892093957)}",-0.0,11.978181838989258,"{'u1': np.float64(1165.631736234959), 'u2': np.float64(275.70403373272643), 'u3': np.float64(558.1763515911491), 'u4': np.float64(4.547473508864641e-13), 'u5': np.float64(163.0509508259945), 'u6': np.float64(134.72189892096367)}",-0.0,0.6142017841339111,"{'u1': 1165.6317362349603, 'u2': 438.7549845587205, 'u3': 692.8982505121123, 'u4': 3.907985046680551e-14, 'u5': -0.0, 'u6': -0.0}"
"{'use_korean_price': True, 'use_tou_elec': True, 'import_factor': 1.5, 'month': 1, 'hp_cap': 0.8, 'els_cap': 1, 'num_households': 700, 'nu_cop': 3.28, 'c_su_G': 50, 'c_su_H': 10, 'base_h2_price_eur': 3.3333333333333335, 'e_E_cap_ratio': 1.0, 'e_H_cap_ratio': 1.0, 'e_G_cap_ratio': 1.0, 'eff_type': 1, 'segments': 6, 'peak_penalty_ratio': 0.0, 'wind_el_ratio': 1.0, 'solar_el_ratio': 1.0, 'storage_power_ratio_E': 0.25, 'storage_power_ratio_G': 0.25, 'storage_power_ratio_H': 0.25, 'storage_capacity_ratio_E': 3.0, 'storage_capacity_ratio_G': 0.0, 'storage_capacity_ratio_H': 0.0, 'initial_soc_ratio_E': 0.2, 'initial_soc_ratio_G': 0.2, 'initial_soc_ratio_H': 0.2, 'day': 7}",-0.0,0.14348697662353516,"{'u1': np.float64(1055.1525700931422), 'u2': np.float64(275.7040337327269), 'u3': np.float64(558.1763515911731), 'u4': np.float64(0.0), 'u5': np.float64(163.05095082599377), 'u6': np.float64(134.72189892093957)}",-0.0,0.08354759216308594,"{'u1': np.float64(1055.1525700931422), 'u2': np.float64(275.7040337327269), 'u3': np.float64(558.1763515911731), 'u4': np.float64(0.0), 'u5': np.float64(163.05095082599377), 'u6': np.float64(134.72189892093957)}",-0.0,10.338587999343872,"{'u1': np.float64(1055.1525700931422), 'u2': np.float64(275.7040337327161), 'u3': np.float64(558.1763515911746), 'u4': np.float64(0.0), 'u5': np.float64(163.05095082600468), 'u6': np.float64(134.7218989209382)}",-0.0,0.6173791885375977,"{'u1': 1055.1525700931436, 'u2': 438.7549845587205, 'u3': 692.8982505121123, 'u4': 3.907985046680551e-14, 'u5': -0.0, 'u6': -0.0}"
"{'use_korean_price': True, 'use_tou_elec': True, 'import_factor': 1.5, 'month': 1, 'hp_cap': 0.8, 'els_cap': 1, 'num_households': 700, 'nu_cop': 3.28, 'c_su_G': 50, 'c_su_H': 10, 'base_h2_price_eur': 3.3333333333333335, 'e_E_cap_ratio': 1.0, 'e_H_cap_ratio': 1.0, 'e_G_cap_ratio': 1.0, 'eff_type': 1, 'segments': 6, 'peak_penalty_ratio': 0.0, 'wind_el_ratio': 1.0, 'solar_el_ratio': 1.0, 'storage_power_ratio_E': 0.25, 'storage_power_ratio_G': 0.25, 'storage_power_ratio_H': 0.25, 'storage_capacity_ratio_E': 3.0, 'storage_capacity_ratio_G': 0.0, 'storage_capacity_ratio_H': 0.0, 'initial_soc_ratio_E': 0.2, 'initial_soc_ratio_G': 0.2, 'initial_soc_ratio_H': 0.2, 'day': 8}",-0.0,0.12979817390441895,"{'u1': np.float64(1143.1558200938612), 'u2': np.float64(275.7040337327269), 'u3': np.float64(558.1763515911731), 'u4': np.float64(0.0), 'u5': np.float64(163.05095082599377), 'u6': np.float64(134.72189892093957)}",-0.0,0.08326363563537598,"{'u1': np.float64(1143.1558200938612), 'u2': np.float64(275.7040337327269), 'u3': np.float64(558.1763515911731), 'u4': np.float64(0.0), 'u5': np.float64(163.05095082599377), 'u6': np.float64(134.72189892093957)}",-0.0,20.686583995819092,"{'u1': np.float64(1143.155820093861), 'u2': np.float64(275.7040337327182), 'u3': np.float64(558.1763515911734), 'u4': np.float64(0.0), 'u5': np.float64(163.05095082600297), 'u6': np.float64(134.7218989209391)}",-0.0,0.6929576396942139,"{'u1': 1143.1558200938623, 'u2': 438.7549845587205, 'u3': 692.8982505121123, 'u4': 3.907985046680551e-14, 'u5': -0.0, 'u6': -0.0}"
"{'use_korean_price': True, 'use_tou_elec': True, 'import_factor': 1.5, 'month': 1, 'hp_cap': 0.8, 'els_cap': 1, 'num_households': 700, 'nu_cop': 3.28, 'c_su_G': 50, 'c_su_H': 10, 'base_h2_price_eur': 3.3333333333333335, 'e_E_cap_ratio': 1.0, 'e_H_cap_ratio': 1.0, 'e_G_cap_ratio': 1.0, 'eff_type': 1, 'segments': 6, 'peak_penalty_ratio': 0.0, 'wind_el_ratio': 1.0, 'solar_el_ratio': 1.0, 'storage_power_ratio_E': 0.25, 'storage_power_ratio_G': 0.25, 'storage_power_ratio_H': 0.25, 'storage_capacity_ratio_E': 3.0, 'storage_capacity_ratio_G': 0.0, 'storage_capacity_ratio_H': 0.0, 'initial_soc_ratio_E': 0.2, 'initial_soc_ratio_G': 0.2, 'initial_soc_ratio_H': 0.2, 'day': 9}",-0.0,0.13404297828674316,"{'u1': np.float64(1196.9054124586057), 'u2': np.float64(275.70403373272677), 'u3': np.float64(558.1763515911731), 'u4': np.float64(-5.684341886080802e-14), 'u5': np.float64(163.05095082599377), 'u6': np.float64(134.72189892093957)}",-0.0,0.08246779441833496,"{'u1': np.float64(1196.9054124586057), 'u2': np.float64(275.70403373272677), 'u3': np.float64(558.1763515911731), 'u4': np.float64(-5.684341886080802e-14), 'u5': np.float64(163.05095082599377), 'u6': np.float64(134.72189892093957)}",-0.0,17.798545837402344,"{'u1': np.float64(1196.9054124586069), 'u2': np.float64(275.70403373272995), 'u3': np.float64(558.1763515911712), 'u4': np.float64(-2.2737367544323206e-13), 'u5': np.float64(163.05095082598996), 'u6': np.float64(134.72189892094138)}",-0.0,0.7209048271179199,"{'u1': 1196.9054124586066, 'u2': 438.7549845587205, 'u3': 692.8982505121123, 'u4': 3.907985046680551e-14, 'u5': -0.0, 'u6': -0.0}"
"{'use_korean_price': True, 'use_tou_elec': True, 'import_factor': 1.5, 'month': 1, 'hp_cap': 0.8, 'els_cap': 1, 'num_households': 700, 'nu_cop': 3.28, 'c_su_G': 50, 'c_su_H': 10, 'base_h2_price_eur': 3.3333333333333335, 'e_E_cap_ratio': 1.0, 'e_H_cap_ratio': 1.0, 'e_G_cap_ratio': 1.0, 'eff_type': 1, 'segments': 6, 'peak_penalty_ratio': 0.0, 'wind_el_ratio': 1.0, 'solar_el_ratio': 1.0, 'storage_power_ratio_E': 0.25, 'storage_power_ratio_G': 0.25, 'storage_power_ratio_H': 0.25, 'storage_capacity_ratio_E': 3.0, 'storage_capacity_ratio_G': 0.0, 'storage_capacity_ratio_H': 0.0, 'initial_soc_ratio_E': 0.2, 'initial_soc_ratio_G': 0.2, 'initial_soc_ratio_H': 0.2, 'day': 10}",-0.0,0.14291858673095703,"{'u1': np.float64(806.9081893430587), 'u2': np.float64(275.70403373272694), 'u3': np.float64(558.1763515911731), 'u4': np.float64(2.842170943040401e-14), 'u5': np.float64(163.05095082599377), 'u6': np.float64(134.72189892093957)}",-0.0,0.08411478996276855,"{'u1': np.float64(806.9081893430587), 'u2': np.float64(275.70403373272694), 'u3': np.float64(558.1763515911731), 'u4': np.float64(2.842170943040401e-14), 'u5': np.float64(163.05095082599377), 'u6': np.float64(134.72189892093957)}",-0.0,14.513399362564087,"{'u1': np.float64(806.9081893430582), 'u2': np.float64(275.70403373243687), 'u3': np.float64(558.1763515911741), 'u4': np.float64(3.410605131648481e-13), 'u5': np.float64(163.050950826284), 'u6': np.float64(134.72189892093866)}",-0.0,0.7036793231964111,"{'u1': 806.9081893430596, 'u2': 438.7549845587205, 'u3': 692.8982505121123, 'u4': 3.907985046680551e-14, 'u5': -0.0, 'u6': -0.0}"
"{'use_korean_price': True, 'use_tou_elec': True, 'import_factor': 1.5, 'month': 1, 'hp_cap': 0.8, 'els_cap': 1, 'num_households': 700, 'nu_cop': 3.28, 'c_su_G': 50, 'c_su_H': 10, 'base_h2_price_eur': 3.3333333333333335, 'e_E_cap_ratio': 1.0, 'e_H_cap_ratio': 1.0, 'e_G_cap_ratio': 1.0, 'eff_type': 1, 'segments': 6, 'peak_penalty_ratio': 0.0, 'wind_el_ratio': 1.0, 'solar_el_ratio': 1.0, 'storage_power_ratio_E': 0.25, 'storage_power_ratio_G': 0.25, 'storage_power_ratio_H': 0.25, 'storage_capacity_ratio_E': 3.0, 'storage_capacity_ratio_G': 0.0, 'storage_capacity_ratio_H': 0.0, 'initial_soc_ratio_E': 0.2, 'initial_soc_ratio_G': 0.2, 'initial_soc_ratio_H': 0.2, 'day': 11}",-0.0,0.1463782787322998,"{'u1': np.float64(735.2218884189732), 'u2': np.float64(275.70403373272705), 'u3': np.float64(558.1763515911731), 'u4': np.float64(2.842170943040401e-14), 'u5': np.float64(163.05095082599377), 'u6': np.float64(134.72189892093957)}",-0.0,0.08943915367126465,"{'u1': np.float64(735.2218884189732), 'u2': np.float64(275.70403373272705), 'u3': np.float64(558.1763515911731), 'u4': np.float64(2.842170943040401e-14), 'u5': np.float64(163.05095082599377), 'u6': np.float64(134.72189892093957)}",-0.0,14.166373252868652,"{'u1': np.float64(735.221888418973), 'u2': np.float64(275.7040337327335), 'u3': np.float64(558.1763515911739), 'u4': np.float64(2.2737367544323206e-13), 'u5': np.float64(163.0509508259874), 'u6': np.float64(134.72189892093888)}",-0.0,0.6112992763519287,"{'u1': 735.221888418974, 'u2': 438.7549845587205, 'u3': 692.8982505121123, 'u4': 3.907985046680551e-14, 'u5': -0.0, 'u6': -0.0}"
"{'use_korean_price': True, 'use_tou_elec': True, 'import_factor': 1.5, 'month': 1, 'hp_cap': 0.8, 'els_cap': 1, 'num_households': 700, 'nu_cop': 3.28, 'c_su_G': 50, 'c_su_H': 10, 'base_h2_price_eur': 3.3333333333333335, 'e_E_cap_ratio': 1.0, 'e_H_cap_ratio': 1.0, 'e_G_cap_ratio': 1.0, 'eff_type': 1, 'segments': 6, 'peak_penalty_ratio': 0.0, 'wind_el_ratio': 1.0, 'solar_el_ratio': 1.0, 'storage_power_ratio_E': 0.25, 'storage_power_ratio_G': 0.25, 'storage_power_ratio_H': 0.25, 'storage_capacity_ratio_E': 3.0, 'storage_capacity_ratio_G': 0.0, 'storage_capacity_ratio_H': 0.0, 'initial_soc_ratio_E': 0.2, 'initial_soc_ratio_G': 0.2, 'initial_soc_ratio_H': 0.2, 'day': 12}",-0.0,0.1372528076171875,"{'u1': np.float64(753.0640500528156), 'u2': np.float64(275.704033732727), 'u3': np.float64(558.1763515911731), 'u4': np.float64(2.842170943040401e-14), 'u5': np.float64(163.05095082599377), 'u6': np.float64(134.72189892093957)}",-0.0,0.0812525749206543,"{'u1': np.float64(753.0640500528156), 'u2': np.float64(275.704033732727), 'u3': np.float64(558.1763515911731), 'u4': np.float64(2.842170943040401e-14), 'u5': np.float64(163.05095082599377), 'u6': np.float64(134.72189892093957)}",-0.0,21.29446291923523,"{'u1': np.float64(753.0640500528151), 'u2': np.float64(275.7040337327145), 'u3': np.float64(558.1763515911712), 'u4': np.float64(2.2737367544323206e-13), 'u5': np.float64(163.0509508260065), 'u6': np.float64(134.7218989209416)}",-0.0,0.6162195205688477,"{'u1': 753.0640500528166, 'u2': 438.7549845587205, 'u3': 692.8982505121123, 'u4': 3.907985046680551e-14, 'u5': -0.0, 'u6': -0.0}"
"{'use_korean_price': True, 'use_tou_elec': True, 'import_factor': 1.5, 'month': 1, 'hp_cap': 0.8, 'els_cap': 1, 'num_households': 700, 'nu_cop': 3.28, 'c_su_G': 50, 'c_su_H': 10, 'base_h2_price_eur': 3.3333333333333335, 'e_E_cap_ratio': 1.0, 'e_H_cap_ratio': 1.0, 'e_G_cap_ratio': 1.0, 'eff_type': 1, 'segments': 6, 'peak_penalty_ratio': 0.0, 'wind_el_ratio': 1.0, 'solar_el_ratio': 1.0, 'storage_power_ratio_E': 0.25, 'storage_power_ratio_G': 0.25, 'storage_power_ratio_H': 0.25, 'storage_capacity_ratio_E': 3.0, 'storage_capacity_ratio_G': 0.0, 'storage_capacity_ratio_H': 0.0, 'initial_soc_ratio_E': 0.2, 'initial_soc_ratio_G': 0.2, 'initial_soc_ratio_H': 0.2, 'day': 13}",-0.0,0.14019227027893066,"{'u1': np.float64(968.4210725556899), 'u2': np.float64(275.7040337327269), 'u3': np.float64(558.1763515911731), 'u4': np.float64(0.0), 'u5': np.float64(163.05095082599377), 'u6': np.float64(134.72189892093957)}",-0.0,0.08192825317382812,"{'u1': np.float64(968.4210725556899), 'u2': np.float64(275.7040337327269), 'u3': np.float64(558.1763515911731), 'u4': np.float64(0.0), 'u5': np.float64(163.05095082599377), 'u6': np.float64(134.72189892093957)}",-0.0,17.724188804626465,"{'u1': np.float64(968.4210725556902), 'u2': np.float64(275.704033732736), 'u3': np.float64(558.1763515911741), 'u4': np.float64(-1.7053025658242404e-13), 'u5': np.float64(163.05095082598444), 'u6': np.float64(134.72189892093866)}",-0.0,0.633781909942627,"{'u1': 968.4210725556916, 'u2': 438.7549845587205, 'u3': 692.8982505121123, 'u4': 3.907985046680551e-14, 'u5': -0.0, 'u6': -0.0}"
"{'use_korean_price': True, 'use_tou_elec': True, 'import_factor': 1.5, 'month': 1, 'hp_cap': 0.8, 'els_cap': 1, 'num_households': 700, 'nu_cop': 3.28, 'c_su_G': 50, 'c_su_H': 10, 'base_h2_price_eur': 3.3333333333333335, 'e_E_cap_ratio': 1.0, 'e_H_cap_ratio': 1.0, 'e_G_cap_ratio': 1.0, 'eff_type': 1, 'segments': 6, 'peak_penalty_ratio': 0.0, 'wind_el_ratio': 1.0, 'solar_el_ratio': 1.0, 'storage_power_ratio_E': 0.25, 'storage_power_ratio_G': 0.25, 'storage_power_ratio_H': 0.25, 'storage_capacity_ratio_E': 3.0, 'storage_capacity_ratio_G': 0.0, 'storage_capacity_ratio_H': 0.0, 'initial_soc_ratio_E': 0.2, 'initial_soc_ratio_G': 0.2, 'initial_soc_ratio_H': 0.2, 'day': 14}",-0.0,0.13012981414794922,"{'u1': np.float64(816.4555246170378), 'u2': np.float64(275.704033732727), 'u3': np.float64(558.1763515911731), 'u4': np.float64(5.684341886080802e-14), 'u5': np.float64(163.05095082599377), 'u6': np.float64(134.72189892093957)}",-0.0,0.08128595352172852,"{'u1': np.float64(816.4555246170378), 'u2': np.float64(275.704033732727), 'u3': np.float64(558.1763515911731), 'u4': np.float64(5.684341886080802e-14), 'u5': np.float64(163.05095082599377), 'u6': np.float64(134.72189892093957)}",-0.0,27.67862105369568,"{'u1': np.float64(816.4555246170373), 'u2': np.float64(275.70403373274655), 'u3': np.float64(558.1763515911734), 'u4': np.float64(4.547473508864641e-13), 'u5': np.float64(163.05095082597427), 'u6': np.float64(134.72189892093934)}",-0.0,0.6381072998046875,"{'u1': 816.4555246170387, 'u2': 438.7549845587205, 'u3': 692.8982505121123, 'u4': 3.907985046680551e-14, 'u5': -0.0, 'u6': -0.0}"
"{'use_korean_price': True, 'use_tou_elec': True, 'import_factor': 1.5, 'month': 1, 'hp_cap': 0.8, 'els_cap': 1, 'num_households': 700, 'nu_cop': 3.28, 'c_su_G': 50, 'c_su_H': 10, 'base_h2_price_eur': 3.3333333333333335, 'e_E_cap_ratio': 1.0, 'e_H_cap_ratio': 1.0, 'e_G_cap_ratio': 1.0, 'eff_type': 1, 'segments': 6, 'peak_penalty_ratio': 0.0, 'wind_el_ratio': 1.0, 'solar_el_ratio': 1.0, 'storage_power_ratio_E': 0.25, 'storage_power_ratio_G': 0.25, 'storage_power_ratio_H': 0.25, 'storage_capacity_ratio_E': 3.0, 'storage_capacity_ratio_G': 0.0, 'storage_capacity_ratio_H': 0.0, 'initial_soc_ratio_E': 0.2, 'initial_soc_ratio_G': 0.2, 'initial_soc_ratio_H': 0.2, 'day': 15}",-0.0,0.13328981399536133,"{'u1': np.float64(1120.105398891531), 'u2': np.float64(275.7040337327269), 'u3': np.float64(558.1763515911731), 'u4': np.float64(5.684341886080802e-14), 'u5': np.float64(163.05095082599377), 'u6': np.float64(134.72189892093957)}",-0.0,0.1738278865814209,"{'u1': np.float64(1120.105398891531), 'u2': np.float64(275.7040337327269), 'u3': np.float64(558.1763515911731), 'u4': np.float64(5.684341886080802e-14), 'u5': np.float64(163.05095082599377), 'u6': np.float64(134.72189892093957)}",-0.0,22.798733711242676,"{'u1': np.float64(1120.10539889153), 'u2': np.float64(275.7040337327282), 'u3': np.float64(558.1763515911719), 'u4': np.float64(1.7053025658242404e-13), 'u5': np.float64(163.05095082599303), 'u6': np.float64(134.7218989209407)}",-0.0,0.6432509422302246,"{'u1': 1120.105398891532, 'u2': 438.7549845587205, 'u3': 692.8982505121123, 'u4': 3.907985046680551e-14, 'u5': -0.0, 'u6': -0.0}"
"{'use_korean_price': True, 'use_tou_elec': True, 'import_factor': 1.5, 'month': 1, 'hp_cap': 0.8, 'els_cap': 1, 'num_households': 700, 'nu_cop': 3.28, 'c_su_G': 50, 'c_su_H': 10, 'base_h2_price_eur': 3.3333333333333335, 'e_E_cap_ratio': 1.0, 'e_H_cap_ratio': 1.0, 'e_G_cap_ratio': 1.0, 'eff_type': 1, 'segments': 6, 'peak_penalty_ratio': 0.0, 'wind_el_ratio': 1.0, 'solar_el_ratio': 1.0, 'storage_power_ratio_E': 0.25, 'storage_power_ratio_G': 0.25, 'storage_power_ratio_H': 0.25, 'storage_capacity_ratio_E': 3.0, 'storage_capacity_ratio_G': 0.0, 'storage_capacity_ratio_H': 0.0, 'initial_soc_ratio_E': 0.2, 'initial_soc_ratio_G': 0.2, 'initial_soc_ratio_H': 0.2, 'day': 16}",-0.0,0.13295960426330566,"{'u1': np.float64(930.2979154148709), 'u2': np.float64(275.7040337327269), 'u3': np.float64(558.1763515911731), 'u4': np.float64(2.842170943040401e-14), 'u5': np.float64(163.05095082599377), 'u6': np.float64(134.72189892093957)}",-0.0,0.08424830436706543,"{'u1': np.float64(930.2979154148709), 'u2': np.float64(275.7040337327269), 'u3': np.float64(558.1763515911731), 'u4': np.float64(2.842170943040401e-14), 'u5': np.float64(163.05095082599377), 'u6': np.float64(134.72189892093957)}",-0.0,21.41809868812561,"{'u1': np.float64(930.2979154148705), 'u2': np.float64(275.70403373272507), 'u3': np.float64(558.1763515911747), 'u4': np.float64(2.2737367544323206e-13), 'u5': np.float64(163.05095082599564), 'u6': np.float64(134.72189892093797)}",-0.0,0.6541783809661865,"{'u1': 930.2979154148718, 'u2': 438.7549845587205, 'u3': 692.8982505121123, 'u4': 3.907985046680551e-14, 'u5': -0.0, 'u6': -0.0}"
"{'use_korean_price': True, 'use_tou_elec': True, 'import_factor': 1.5, 'month': 1, 'hp_cap': 0.8, 'els_cap': 1, 'num_households': 700, 'nu_cop': 3.28, 'c_su_G': 50, 'c_su_H': 10, 'base_h2_price_eur': 3.3333333333333335, 'e_E_cap_ratio': 1.0, 'e_H_cap_ratio': 1.0, 'e_G_cap_ratio': 1.0, 'eff_type': 1, 'segments': 6, 'peak_penalty_ratio': 0.0, 'wind_el_ratio': 1.0, 'solar_el_ratio': 1.0, 'storage_power_ratio_E': 0.25, 'storage_power_ratio_G': 0.25, 'storage_power_ratio_H': 0.25, 'storage_capacity_ratio_E': 3.0, 'storage_capacity_ratio_G': 0.0, 'storage_capacity_ratio_H': 0.0, 'initial_soc_ratio_E': 0.2, 'initial_soc_ratio_G': 0.2, 'initial_soc_ratio_H': 0.2, 'day': 17}",-0.0,0.1366722583770752,"{'u1': np.float64(729.1799258375692), 'u2': np.float64(275.7040337327269), 'u3': np.float64(558.1763515911731), 'u4': np.float64(0.0), 'u5': np.float64(163.05095082599377), 'u6': np.float64(134.72189892093957)}",-0.0,0.08202505111694336,"{'u1': np.float64(729.1799258375692), 'u2': np.float64(275.7040337327269), 'u3': np.float64(558.1763515911731), 'u4': np.float64(0.0), 'u5': np.float64(163.05095082599377), 'u6': np.float64(134.72189892093957)}",-0.0,28.472090005874634,"{'u1': np.float64(729.1799258375689), 'u2': np.float64(275.7040337327305), 'u3': np.float64(558.1763515911736), 'u4': np.float64(-5.684341886080802e-14), 'u5': np.float64(163.05095082599036), 'u6': np.float64(134.7218989209391)}",-0.0,0.6297423839569092,"{'u1': 729.1799258375702, 'u2': 438.7549845587205, 'u3': 692.8982505121123, 'u4': 3.907985046680551e-14, 'u5': -0.0, 'u6': -0.0}"
"{'use_korean_price': True, 'use_tou_elec': True, 'import_factor': 1.5, 'month': 1, 'hp_cap': 0.8, 'els_cap': 1, 'num_households': 700, 'nu_cop': 3.28, 'c_su_G': 50, 'c_su_H': 10, 'base_h2_price_eur': 3.3333333333333335, 'e_E_cap_ratio': 1.0, 'e_H_cap_ratio': 1.0, 'e_G_cap_ratio': 1.0, 'eff_type': 1, 'segments': 6, 'peak_penalty_ratio': 0.0, 'wind_el_ratio': 1.0, 'solar_el_ratio': 1.0, 'storage_power_ratio_E': 0.25, 'storage_power_ratio_G': 0.25, 'storage_power_ratio_H': 0.25, 'storage_capacity_ratio_E': 3.0, 'storage_capacity_ratio_G': 0.0, 'storage_capacity_ratio_H': 0.0, 'initial_soc_ratio_E': 0.2, 'initial_soc_ratio_G': 0.2, 'initial_soc_ratio_H': 0.2, 'day': 18}",-0.0,0.15159916877746582,"{'u1': np.float64(862.935880467776), 'u2': np.float64(275.7040337327269), 'u3': np.float64(558.1763515911731), 'u4': np.float64(-5.684341886080802e-14), 'u5': np.float64(163.05095082599377), 'u6': np.float64(134.72189892093957)}",-0.0,0.09470868110656738,"{'u1': np.float64(862.935880467776), 'u2': np.float64(275.7040337327269), 'u3': np.float64(558.1763515911731), 'u4': np.float64(-5.684341886080802e-14), 'u5': np.float64(163.05095082599377), 'u6': np.float64(134.72189892093957)}",-0.0,20.472453832626343,"{'u1': np.float64(862.9358804677759), 'u2': np.float64(275.70403373272984), 'u3': np.float64(558.1763515911724), 'u4': np.float64(5.684341886080802e-14), 'u5': np.float64(163.05095082599087), 'u6': np.float64(134.72189892094025)}",-0.0,0.6318502426147461,"{'u1': 862.935880467777, 'u2': 438.7549845587205, 'u3': 692.8982505121123, 'u4': 3.907985046680551e-14, 'u5': -0.0, 'u6': -0.0}"
"{'use_korean_price': True, 'use_tou_elec': True, 'import_factor': 1.5, 'month': 1, 'hp_cap': 0.8, 'els_cap': 1, 'num_households': 700, 'nu_cop': 3.28, 'c_su_G': 50, 'c_su_H': 10, 'base_h2_price_eur': 3.3333333333333335, 'e_E_cap_ratio': 1.0, 'e_H_cap_ratio': 1.0, 'e_G_cap_ratio': 1.0, 'eff_type': 1, 'segments': 6, 'peak_penalty_ratio': 0.0, 'wind_el_ratio': 1.0, 'solar_el_ratio': 1.0, 'storage_power_ratio_E': 0.25, 'storage_power_ratio_G': 0.25, 'storage_power_ratio_H': 0.25, 'storage_capacity_ratio_E': 3.0, 'storage_capacity_ratio_G': 0.0, 'storage_capacity_ratio_H': 0.0, 'initial_soc_ratio_E': 0.2, 'initial_soc_ratio_G': 0.2, 'initial_soc_ratio_H': 0.2, 'day': 19}",-0.0,0.13332724571228027,"{'u1': np.float64(872.9820760954307), 'u2': np.float64(275.70403373272694), 'u3': np.float64(558.1763515911731), 'u4': np.float64(5.684341886080802e-14), 'u5': np.float64(163.05095082599377), 'u6': np.float64(134.72189892093957)}",-0.0,0.19607067108154297,"{'u1': np.float64(872.9820760954307), 'u2': np.float64(275.70403373272694), 'u3': np.float64(558.1763515911731), 'u4': np.float64(5.684341886080802e-14), 'u5': np.float64(163.05095082599377), 'u6': np.float64(134.72189892093957)}",-0.0,21.735554695129395,"{'u1': np.float64(872.9820760954302), 'u2': np.float64(275.7040337327235), 'u3': np.float64(558.1763515911742), 'u4': np.float64(2.2737367544323206e-13), 'u5': np.float64(163.05095082599746), 'u6': np.float64(134.72189892093843)}",-0.0,0.6156513690948486,"{'u1': 872.9820760954319, 'u2': 438.7549845587205, 'u3': 692.8982505121123, 'u4': 3.907985046680551e-14, 'u5': -0.0, 'u6': -0.0}"
"{'use_korean_price': True, 'use_tou_elec': True, 'import_factor': 1.5, 'month': 1, 'hp_cap': 0.8, 'els_cap': 1, 'num_households': 700, 'nu_cop': 3.28, 'c_su_G': 50, 'c_su_H': 10, 'base_h2_price_eur': 3.3333333333333335, 'e_E_cap_ratio': 1.0, 'e_H_cap_ratio': 1.0, 'e_G_cap_ratio': 1.0, 'eff_type': 1, 'segments': 6, 'peak_penalty_ratio': 0.0, 'wind_el_ratio': 1.0, 'solar_el_ratio': 1.0, 'storage_power_ratio_E': 0.25, 'storage_power_ratio_G': 0.25, 'storage_power_ratio_H': 0.25, 'storage_capacity_ratio_E': 3.0, 'storage_capacity_ratio_G': 0.0, 'storage_capacity_ratio_H': 0.0, 'initial_soc_ratio_E': 0.2, 'initial_soc_ratio_G': 0.2, 'initial_soc_ratio_H': 0.2, 'day': 20}",-0.0,0.138106107711792,"{'u1': np.float64(972.77282890377), 'u2': np.float64(277.6262615020998), 'u3': np.float64(559.5435149248883), 'u4': np.float64(2.5495506564612924), 'u5': np.float64(164.0768531431633), 'u6': np.float64(134.72189892093957)}",-0.0,0.08259773254394531,"{'u1': np.float64(972.77282890377), 'u2': np.float64(277.6262615020998), 'u3': np.float64(559.5435149248883), 'u4': np.float64(2.5495506564612924), 'u5': np.float64(164.0768531431633), 'u6': np.float64(134.72189892093957)}",-0.0,22.894805192947388,"{'u1': np.float64(972.77282890377), 'u2': np.float64(277.62626150210497), 'u3': np.float64(559.5435149248879), 'u4': np.float64(2.5495506564612924), 'u5': np.float64(164.0768531431582), 'u6': np.float64(134.72189892094002)}",-0.0,0.8019247055053711,"{'u1': 979.6376729804904, 'u2': 438.7549845587205, 'u3': 692.8982505121123, 'u4': 3.907985046680551e-14, 'u5': -0.0, 'u6': -0.0}"
"{'use_korean_price': True, 'use_tou_elec': True, 'import_factor': 1.5, 'month': 1, 'hp_cap': 0.8, 'els_cap': 1, 'num_households': 700, 'nu_cop': 3.28, 'c_su_G': 50, 'c_su_H': 10, 'base_h2_price_eur': 3.3333333333333335, 'e_E_cap_ratio': 1.0, 'e_H_cap_ratio': 1.0, 'e_G_cap_ratio': 1.0, 'eff_type': 1, 'segments': 6, 'peak_penalty_ratio': 0.0, 'wind_el_ratio': 1.0, 'solar_el_ratio': 1.0, 'storage_power_ratio_E': 0.25, 'storage_power_ratio_G': 0.25, 'storage_power_ratio_H': 0.25, 'storage_capacity_ratio_E': 3.0, 'storage_capacity_ratio_G': 0.0, 'storage_capacity_ratio_H': 0.0, 'initial_soc_ratio_E': 0.2, 'initial_soc_ratio_G': 0.2, 'initial_soc_ratio_H': 0.2, 'day': 21}",-0.0,0.12999939918518066,"{'u1': np.float64(889.3786304950683), 'u2': np.float64(275.70403373272666), 'u3': np.float64(558.1763515911732), 'u4': np.float64(5.684341886080802e-14), 'u5': np.float64(163.05095082599377), 'u6': np.float64(134.72189892093957)}",-0.0,0.08473443984985352,"{'u1': np.float64(889.3786304950683), 'u2': np.float64(275.70403373272666), 'u3': np.float64(558.1763515911732), 'u4': np.float64(5.684341886080802e-14), 'u5': np.float64(163.05095082599377), 'u6': np.float64(134.72189892093957)}",-0.0,11.399193525314331,"{'u1': np.float64(889.3786304950684), 'u2': np.float64(275.7040337327311), 'u3': np.float64(558.1763515911724), 'u4': np.float64(-5.684341886080802e-14), 'u5': np.float64(163.05095082598933), 'u6': np.float64(134.72189892094036)}",-0.0,0.7084496021270752,"{'u1': 889.3786304950693, 'u2': 438.7549845587205, 'u3': 692.8982505121123, 'u4': 3.907985046680551e-14, 'u5': -0.0, 'u6': -0.0}"
"{'use_korean_price': True, 'use_tou_elec': True, 'import_factor': 1.5, 'month': 1, 'hp_cap': 0.8, 'els_cap': 1, 'num_households': 700, 'nu_cop': 3.28, 'c_su_G': 50, 'c_su_H': 10, 'base_h2_price_eur': 3.3333333333333335, 'e_E_cap_ratio': 1.0, 'e_H_cap_ratio': 1.0, 'e_G_cap_ratio': 1.0, 'eff_type': 1, 'segments': 6, 'peak_penalty_ratio': 0.0, 'wind_el_ratio': 1.0, 'solar_el_ratio': 1.0, 'storage_power_ratio_E': 0.25, 'storage_power_ratio_G': 0.25, 'storage_power_ratio_H': 0.25, 'storage_capacity_ratio_E': 3.0, 'storage_capacity_ratio_G': 0.0, 'storage_capacity_ratio_H': 0.0, 'initial_soc_ratio_E': 0.2, 'initial_soc_ratio_G': 0.2, 'initial_soc_ratio_H': 0.2, 'day': 22}",-0.0,0.14445900917053223,"{'u1': np.float64(1056.884882527465), 'u2': np.float64(275.70403373272694), 'u3': np.float64(558.1763515911731), 'u4': np.float64(0.0), 'u5': np.float64(163.05095082599377), 'u6': np.float64(134.72189892093957)}",-0.0,0.0827493667602539,"{'u1': np.float64(1056.884882527465), 'u2': np.float64(275.70403373272694), 'u3': np.float64(558.1763515911731), 'u4': np.float64(0.0), 'u5': np.float64(163.05095082599377), 'u6': np.float64(134.72189892093957)}",-0.0,20.816625833511353,"{'u1': np.float64(1056.8848825274745), 'u2': np.float64(275.70403373272217), 'u3': np.float64(558.1763515911714), 'u4': np.float64(-3.808509063674137e-12), 'u5': np.float64(163.0509508259949), 'u6': np.float64(134.72189892093934)}",-0.0,0.7257370948791504,"{'u1': 1056.884882527466, 'u2': 438.7549845587205, 'u3': 692.8982505121123, 'u4': 3.907985046680551e-14, 'u5': -0.0, 'u6': -0.0}"
"{'use_korean_price': True, 'use_tou_elec': True, 'import_factor': 1.5, 'month': 1, 'hp_cap': 0.8, 'els_cap': 1, 'num_households': 700, 'nu_cop': 3.28, 'c_su_G': 50, 'c_su_H': 10, 'base_h2_price_eur': 3.3333333333333335, 'e_E_cap_ratio': 1.0, 'e_H_cap_ratio': 1.0, 'e_G_cap_ratio': 1.0, 'eff_type': 1, 'segments': 6, 'peak_penalty_ratio': 0.0, 'wind_el_ratio': 1.0, 'solar_el_ratio': 1.0, 'storage_power_ratio_E': 0.25, 'storage_power_ratio_G': 0.25, 'storage_power_ratio_H': 0.25, 'storage_capacity_ratio_E': 3.0, 'storage_capacity_ratio_G': 0.0, 'storage_capacity_ratio_H': 0.0, 'initial_soc_ratio_E': 0.2, 'initial_soc_ratio_G': 0.2, 'initial_soc_ratio_H': 0.2, 'day': 23}",-0.0,0.14181995391845703,"{'u1': np.float64(979.7861687982149), 'u2': np.float64(275.7040337327269), 'u3': np.float64(558.1763515911731), 'u4': np.float64(5.684341886080802e-14), 'u5': np.float64(163.05095082599377), 'u6': np.float64(134.72189892093957)}",-0.0,0.0849602222442627,"{'u1': np.float64(979.7861687982149), 'u2': np.float64(275.7040337327269), 'u3': np.float64(558.1763515911731), 'u4': np.float64(5.684341886080802e-14), 'u5': np.float64(163.05095082599377), 'u6': np.float64(134.72189892093957)}",-0.0,9.993156909942627,"{'u1': np.float64(979.7861687982142), 'u2': np.float64(275.7040337327263), 'u3': np.float64(558.1763515911725), 'u4': np.float64(4.547473508864641e-13), 'u5': np.float64(163.0509508259944), 'u6': np.float64(134.72189892094025)}",-0.0,0.6242184638977051,"{'u1': 979.7861687982156, 'u2': 438.7549845587205, 'u3': 692.8982505121123, 'u4': 3.907985046680551e-14, 'u5': -0.0, 'u6': -0.0}"
"{'use_korean_price': True, 'use_tou_elec': True, 'import_factor': 1.5, 'month': 1, 'hp_cap': 0.8, 'els_cap': 1, 'num_households': 700, 'nu_cop': 3.28, 'c_su_G': 50, 'c_su_H': 10, 'base_h2_price_eur': 3.3333333333333335, 'e_E_cap_ratio': 1.0, 'e_H_cap_ratio': 1.0, 'e_G_cap_ratio': 1.0, 'eff_type': 1, 'segments': 6, 'peak_penalty_ratio': 0.0, 'wind_el_ratio': 1.0, 'solar_el_ratio': 1.0, 'storage_power_ratio_E': 0.25, 'storage_power_ratio_G': 0.25, 'storage_power_ratio_H': 0.25, 'storage_capacity_ratio_E': 3.0, 'storage_capacity_ratio_G': 0.0, 'storage_capacity_ratio_H': 0.0, 'initial_soc_ratio_E': 0.2, 'initial_soc_ratio_G': 0.2, 'initial_soc_ratio_H': 0.2, 'day': 24}",-0.0,0.13823604583740234,"{'u1': np.float64(683.1383809071558), 'u2': np.float64(275.70403373272666), 'u3': np.float64(558.1763515911732), 'u4': np.float64(0.0), 'u5': np.float64(163.05095082599377), 'u6': np.float64(134.72189892093957)}",-0.0,0.08346033096313477,"{'u1': np.float64(683.1383809071558), 'u2': np.float64(275.70403373272666), 'u3': np.float64(558.1763515911732), 'u4': np.float64(0.0), 'u5': np.float64(163.05095082599377), 'u6': np.float64(134.72189892093957)}",-0.0,10.320921421051025,"{'u1': np.float64(683.1383809071554), 'u2': np.float64(275.7040337327213), 'u3': np.float64(558.1763515911728), 'u4': np.float64(3.979039320256561e-13), 'u5': np.float64(163.0509508259991), 'u6': np.float64(134.72189892094002)}",-0.0,0.604611873626709,"{'u1': 683.1383809071565, 'u2': 438.7549845587205, 'u3': 692.8982505121123, 'u4': 3.907985046680551e-14, 'u5': -0.0, 'u6': -0.0}"
"{'use_korean_price': True, 'use_tou_elec': True, 'import_factor': 1.5, 'month': 1, 'hp_cap': 0.8, 'els_cap': 1, 'num_households': 700, 'nu_cop': 3.28, 'c_su_G': 50, 'c_su_H': 10, 'base_h2_price_eur': 3.3333333333333335, 'e_E_cap_ratio': 1.0, 'e_H_cap_ratio': 1.0, 'e_G_cap_ratio': 1.0, 'eff_type': 1, 'segments': 6, 'peak_penalty_ratio': 0.0, 'wind_el_ratio': 1.0, 'solar_el_ratio': 1.0, 'storage_power_ratio_E': 0.25, 'storage_power_ratio_G': 0.25, 'storage_power_ratio_H': 0.25, 'storage_capacity_ratio_E': 3.0, 'storage_capacity_ratio_G': 0.0, 'storage_capacity_ratio_H': 0.0, 'initial_soc_ratio_E': 0.2, 'initial_soc_ratio_G': 0.2, 'initial_soc_ratio_H': 0.2, 'day': 25}",-0.0,0.13503122329711914,"{'u1': np.float64(768.0216803667677), 'u2': np.float64(275.70403373272694), 'u3': np.float64(558.1763515911732), 'u4': np.float64(0.0), 'u5': np.float64(163.05095082599377), 'u6': np.float64(134.72189892093957)}",-0.0,0.08428168296813965,"{'u1': np.float64(768.0216803667677), 'u2': np.float64(275.70403373272694), 'u3': np.float64(558.1763515911732), 'u4': np.float64(0.0), 'u5': np.float64(163.05095082599377), 'u6': np.float64(134.72189892093957)}",-0.0,33.74223208427429,"{'u1': np.float64(768.0216803667666), 'u2': np.float64(275.7040337327287), 'u3': np.float64(558.1763515911736), 'u4': np.float64(1.0800249583553523e-12), 'u5': np.float64(163.05095082599178), 'u6': np.float64(134.72189892093934)}",-0.0,0.6229264736175537,"{'u1': 768.0216803667688, 'u2': 438.7549845587205, 'u3': 692.8982505121123, 'u4': 3.907985046680551e-14, 'u5': -0.0, 'u6': -0.0}"
"{'use_korean_price': True, 'use_tou_elec': True, 'import_factor': 1.5, 'month': 1, 'hp_cap': 0.8, 'els_cap': 1, 'num_households': 700, 'nu_cop': 3.28, 'c_su_G': 50, 'c_su_H': 10, 'base_h2_price_eur': 3.3333333333333335, 'e_E_cap_ratio': 1.0, 'e_H_cap_ratio': 1.0, 'e_G_cap_ratio': 1.0, 'eff_type': 1, 'segments': 6, 'peak_penalty_ratio': 0.0, 'wind_el_ratio': 1.0, 'solar_el_ratio': 1.0, 'storage_power_ratio_E': 0.25, 'storage_power_ratio_G': 0.25, 'storage_power_ratio_H': 0.25, 'storage_capacity_ratio_E': 3.0, 'storage_capacity_ratio_G': 0.0, 'storage_capacity_ratio_H': 0.0, 'initial_soc_ratio_E': 0.2, 'initial_soc_ratio_G': 0.2, 'initial_soc_ratio_H': 0.2, 'day': 26}",-0.0,0.14461469650268555,"{'u1': np.float64(773.1486718403364), 'u2': np.float64(275.70403373272694), 'u3': np.float64(558.1763515911731), 'u4': np.float64(2.842170943040401e-14), 'u5': np.float64(163.05095082599377), 'u6': np.float64(134.72189892093957)}",-0.0,0.0844123363494873,"{'u1': np.float64(773.1486718403364), 'u2': np.float64(275.70403373272694), 'u3': np.float64(558.1763515911731), 'u4': np.float64(2.842170943040401e-14), 'u5': np.float64(163.05095082599377), 'u6': np.float64(134.72189892093957)}",-0.0,11.245395183563232,"{'u1': np.float64(773.1486718403361), 'u2': np.float64(275.70403373272734), 'u3': np.float64(558.1763515911731), 'u4': np.float64(1.7053025658242404e-13), 'u5': np.float64(163.05095082599354), 'u6': np.float64(134.72189892093957)}",-0.0,0.6253457069396973,"{'u1': 773.1486718403373, 'u2': 438.7549845587205, 'u3': 692.8982505121123, 'u4': 3.907985046680551e-14, 'u5': -0.0, 'u6': -0.0}"
"{'use_korean_price': True, 'use_tou_elec': True, 'import_factor': 1.5, 'month': 1, 'hp_cap': 0.8, 'els_cap': 1, 'num_households': 700, 'nu_cop': 3.28, 'c_su_G': 50, 'c_su_H': 10, 'base_h2_price_eur': 3.3333333333333335, 'e_E_cap_ratio': 1.0, 'e_H_cap_ratio': 1.0, 'e_G_cap_ratio': 1.0, 'eff_type': 1, 'segments': 6, 'peak_penalty_ratio': 0.0, 'wind_el_ratio': 1.0, 'solar_el_ratio': 1.0, 'storage_power_ratio_E': 0.25, 'storage_power_ratio_G': 0.25, 'storage_power_ratio_H': 0.25, 'storage_capacity_ratio_E': 3.0, 'storage_capacity_ratio_G': 0.0, 'storage_capacity_ratio_H': 0.0, 'initial_soc_ratio_E': 0.2, 'initial_soc_ratio_G': 0.2, 'initial_soc_ratio_H': 0.2, 'day': 27}",-0.0,0.1405925750732422,"{'u1': np.float64(942.8638841298783), 'u2': np.float64(275.704033732727), 'u3': np.float64(558.1763515911731), 'u4': np.float64(0.0), 'u5': np.float64(163.05095082599377), 'u6': np.float64(134.72189892093957)}",-0.0,0.08098506927490234,"{'u1': np.float64(942.8638841298783), 'u2': np.float64(275.704033732727), 'u3': np.float64(558.1763515911731), 'u4': np.float64(0.0), 'u5': np.float64(163.05095082599377), 'u6': np.float64(134.72189892093957)}",-0.0,10.291006803512573,"{'u1': np.float64(942.863884129877), 'u2': np.float64(275.70403373272654), 'u3': np.float64(558.176351591175), 'u4': np.float64(5.684341886080801e-13), 'u5': np.float64(163.0509508259949), 'u6': np.float64(134.72189892093775)}",-0.0,0.6149535179138184,"{'u1': 942.8638841298796, 'u2': 438.7549845587205, 'u3': 692.8982505121123, 'u4': 3.907985046680551e-14, 'u5': -0.0, 'u6': -0.0}"
"{'use_korean_price': True, 'use_tou_elec': True, 'import_factor': 1.5, 'month': 1, 'hp_cap': 0.8, 'els_cap': 1, 'num_households': 700, 'nu_cop': 3.28, 'c_su_G': 50, 'c_su_H': 10, 'base_h2_price_eur': 3.3333333333333335, 'e_E_cap_ratio': 1.0, 'e_H_cap_ratio': 1.0, 'e_G_cap_ratio': 1.0, 'eff_type': 1, 'segments': 6, 'peak_penalty_ratio': 0.0, 'wind_el_ratio': 1.0, 'solar_el_ratio': 1.0, 'storage_power_ratio_E': 0.25, 'storage_power_ratio_G': 0.25, 'storage_power_ratio_H': 0.25, 'storage_capacity_ratio_E': 3.0, 'storage_capacity_ratio_G': 0.0, 'storage_capacity_ratio_H': 0.0, 'initial_soc_ratio_E': 0.2, 'initial_soc_ratio_G': 0.2, 'initial_soc_ratio_H': 0.2, 'day': 28}",-8.526512829121202e-14,0.14847898483276367,"{'u1': np.float64(363.31363706678127), 'u2': np.float64(275.7040337327271), 'u3': np.float64(558.1763515911731), 'u4': np.float64(1.4210854715202004e-14), 'u5': np.float64(163.05095082599377), 'u6': np.float64(134.72189892093957)}",-8.526512829121202e-14,0.08119058609008789,"{'u1': np.float64(363.31363706678127), 'u2': np.float64(275.7040337327271), 'u3': np.float64(558.1763515911731), 'u4': np.float64(1.4210854715202004e-14), 'u5': np.float64(163.05095082599377), 'u6': np.float64(134.72189892093957)}",-1.4210854715202004e-13,39.63996767997742,"{'u1': np.float64(363.3136370667813), 'u2': np.float64(275.70403373280203), 'u3': np.float64(558.1763515911719), 'u4': np.float64(-5.684341886080802e-14), 'u5': np.float64(163.0509508259188), 'u6': np.float64(134.72189892094093)}",-1.1652900866465643e-12,0.6210434436798096,"{'u1': 363.31363706678235, 'u2': 438.7549845587205, 'u3': 692.8982505121123, 'u4': 3.907985046680551e-14, 'u5': -0.0, 'u6': -0.0}"
"{'use_korean_price': True, 'use_tou_elec': True, 'import_factor': 1.5, 'month': 1, 'hp_cap': 0.8, 'els_cap': 1, 'num_households': 700, 'nu_cop': 3.28, 'c_su_G': 50, 'c_su_H': 10, 'base_h2_price_eur': 3.3333333333333335, 'e_E_cap_ratio': 1.0, 'e_H_cap_ratio': 1.0, 'e_G_cap_ratio': 1.0, 'eff_type': 1, 'segments': 6, 'peak_penalty_ratio': 0.0, 'wind_el_ratio': 1.0, 'solar_el_ratio': 1.0, 'storage_power_ratio_E': 0.25, 'storage_power_ratio_G': 0.25, 'storage_power_ratio_H': 0.25, 'storage_capacity_ratio_E': 3.0, 'storage_capacity_ratio_G': 0.0, 'storage_capacity_ratio_H': 0.0, 'initial_soc_ratio_E': 0.2, 'initial_soc_ratio_G': 0.2, 'initial_soc_ratio_H': 0.2, 'day': 29}",-0.0,0.1420609951019287,"{'u1': np.float64(1046.59076947738), 'u2': np.float64(275.7040337327269), 'u3': np.float64(558.1763515911731), 'u4': np.float64(0.0), 'u5': np.float64(163.05095082599377), 'u6': np.float64(134.72189892093957)}",-0.0,0.08219027519226074,"{'u1': np.float64(1046.59076947738), 'u2': np.float64(275.7040337327269), 'u3': np.float64(558.1763515911731), 'u4': np.float64(0.0), 'u5': np.float64(163.05095082599377), 'u6': np.float64(134.72189892093957)}",-0.0,21.26754856109619,"{'u1': np.float64(1046.5907694773794), 'u2': np.float64(275.7040337327272), 'u3': np.float64(558.1763515911704), 'u4': np.float64(1.1368683772161603e-13), 'u5': np.float64(163.05095082599433), 'u6': np.float64(134.7218989209423)}",-0.0,0.7371549606323242,"{'u1': 1046.5907694773812, 'u2': 438.7549845587205, 'u3': 692.8982505121123, 'u4': 3.907985046680551e-14, 'u5': -0.0, 'u6': -0.0}"
"{'use_korean_price': True, 'use_tou_elec': True, 'import_factor': 1.5, 'month': 1, 'hp_cap': 0.8, 'els_cap': 1, 'num_households': 700, 'nu_cop': 3.28, 'c_su_G': 50, 'c_su_H': 10, 'base_h2_price_eur': 3.3333333333333335, 'e_E_cap_ratio': 1.0, 'e_H_cap_ratio': 1.0, 'e_G_cap_ratio': 1.0, 'eff_type': 1, 'segments': 6, 'peak_penalty_ratio': 0.0, 'wind_el_ratio': 1.0, 'solar_el_ratio': 1.0, 'storage_power_ratio_E': 0.25, 'storage_power_ratio_G': 0.25, 'storage_power_ratio_H': 0.25, 'storage_capacity_ratio_E': 3.0, 'storage_capacity_ratio_G': 0.0, 'storage_capacity_ratio_H': 0.0, 'initial_soc_ratio_E': 0.2, 'initial_soc_ratio_G': 0.2, 'initial_soc_ratio_H': 0.2, 'day': 30}",-0.0,0.13831067085266113,"{'u1': np.float64(1163.7110922918912), 'u2': np.float64(275.7040337327268), 'u3': np.float64(558.1763515911731), 'u4': np.float64(-2.842170943040401e-14), 'u5': np.float64(163.05095082599377), 'u6': np.float64(134.72189892093957)}",-0.0,0.08416914939880371,"{'u1': np.float64(1163.7110922918912), 'u2': np.float64(275.7040337327268), 'u3': np.float64(558.1763515911731), 'u4': np.float64(-2.842170943040401e-14), 'u5': np.float64(163.05095082599377), 'u6': np.float64(134.72189892093957)}",-0.0,15.050836086273193,"{'u1': np.float64(1163.7110922918919), 'u2': np.float64(275.70403373274), 'u3': np.float64(558.1763515911733), 'u4': np.float64(-1.1368683772161603e-13), 'u5': np.float64(163.05095082598024), 'u6': np.float64(134.72189892093934)}",-0.0,0.6211502552032471,"{'u1': 1163.7110922918926, 'u2': 438.7549845587205, 'u3': 692.8982505121123, 'u4': 3.907985046680551e-14, 'u5': -0.0, 'u6': -0.0}"
"{'use_korean_price': True, 'use_tou_elec': True, 'import_factor': 1.5, 'month': 1, 'hp_cap': 0.8, 'els_cap': 1, 'num_households': 700, 'nu_cop': 3.28, 'c_su_G': 50, 'c_su_H': 10, 'base_h2_price_eur': 3.3333333333333335, 'e_E_cap_ratio': 1.0, 'e_H_cap_ratio': 1.0, 'e_G_cap_ratio': 1.0, 'eff_type': 1, 'segments': 6, 'peak_penalty_ratio': 0.0, 'wind_el_ratio': 1.0, 'solar_el_ratio': 1.0, 'storage_power_ratio_E': 0.25, 'storage_power_ratio_G': 0.25, 'storage_power_ratio_H': 0.25, 'storage_capacity_ratio_E': 3.0, 'storage_capacity_ratio_G': 0.0, 'storage_capacity_ratio_H': 0.0, 'initial_soc_ratio_E': 0.2, 'initial_soc_ratio_G': 0.2, 'initial_soc_ratio_H': 0.2, 'day': 31}",-0.0,0.1317908763885498,"{'u1': np.float64(966.5647253838638), 'u2': np.float64(275.7040337327267), 'u3': np.float64(558.1763515911732), 'u4': np.float64(2.842170943040401e-14), 'u5': np.float64(163.05095082599377), 'u6': np.float64(134.72189892093957)}",-0.0,0.08156156539916992,"{'u1': np.float64(966.5647253838638), 'u2': np.float64(275.7040337327267), 'u3': np.float64(558.1763515911732), 'u4': np.float64(2.842170943040401e-14), 'u5': np.float64(163.05095082599377), 'u6': np.float64(134.72189892093957)}",-0.0,14.57019305229187,"{'u1': np.float64(966.5647253838634), 'u2': np.float64(275.7040337327178), 'u3': np.float64(558.1763515911722), 'u4': np.float64(1.1368683772161603e-13), 'u5': np.float64(163.05095082600303), 'u6': np.float64(134.7218989209406)}",-0.0,0.619713544845581,"{'u1': 966.564725383864, 'u2': 438.7549845587205, 'u3': 692.8982505121123, 'u4': 3.907985046680551e-14, 'u5': -0.0, 'u6': -0.0}"
